idle_seconds,errors,failed_runs,deletions,rapid_edits,struggle_level
97,7,8,11,13,3
107,4,7,14,10,3
9,0,1,3,2,1
18,0,0,0,3,1
16,1,1,0,4,1
36,3,3,7,6,2
76,10,7,9,7,3
29,3,3,3,3,2
65,4,5,15,5,3
3,1,0,4,0,1
31,2,3,10,8,2
81,6,8,8,10,3
60,3,1,5,5,2
53,10,7,11,6,3
20,1,0,3,4,1
79,8,7,7,9,3
80,8,3,12,12,3
33,3,3,5,6,2
17,0,0,3,1,1
12,0,1,2,3,1
108,4,3,12,7,3
117,4,2,10,15,3
47,7,5,20,5,3
73,8,3,16,14,3
118,3,6,9,12,3
20,0,0,4,1,1
67,5,4,11,8,3
55,10,7,15,15,3
67,10,5,13,12,3
75,8,8,14,15,3
46,3,3,8,9,3
25,4,2,3,5,2
53,6,6,12,13,3
106,8,8,14,9,3
25,1,0,4,2,1
20,1,1,2,0,1
24,0,1,0,2,1
7,0,0,0,3,1
71,5,5,8,15,3
13,0,0,1,1,1
86,8,2,20,12,3
23,1,1,1,0,1
50,5,7,18,13,3
31,2,1,4,8,2
74,7,7,18,13,3
14,0,1,4,3,1
4,0,1,1,3,1
22,0,1,4,3,1
28,2,3,7,2,2
15,2,3,7,3,2
23,4,1,5,2,2
30,3,2,7,8,2
116,10,4,12,13,3
99,10,3,10,7,3
56,4,2,9,2,2
26,1,2,10,6,2
2,0,0,3,3,1
24,1,0,2,2,1
22,0,1,0,3,1
48,3,3,10,5,2
40,3,3,9,5,2
28,4,2,10,2,2
23,1,0,4,1,1
6,1,0,2,4,1
39,3,1,4,8,2
10,0,1,4,1,1
20,1,0,4,0,1
106,6,5,13,15,3
107,4,5,18,14,3
22,1,0,0,4,1
17,1,1,2,4,1
29,4,2,6,2,2
37,3,1,5,4,2
20,0,0,2,2,1
36,2,1,8,7,2
93,10,8,18,14,3
41,3,2,4,6,2
50,4,2,5,7,2
24,1,1,3,3,1
52,4,2,8,3,2
86,5,5,13,8,3
24,0,0,4,2,1
7,0,0,0,4,1
18,1,2,6,6,2
47,2,1,8,7,2
21,0,0,2,0,1
43,1,3,4,5,2
50,1,2,6,7,2
24,1,1,4,8,2
26,2,3,7,3,2
81,3,3,19,9,3
14,1,0,3,4,1
19,0,0,1,2,1
102,3,5,16,5,3
109,7,6,14,7,3
9,0,1,0,4,1
8,1,0,0,4,1
11,0,0,0,0,1
84,3,8,11,7,3
15,1,1,0,0,1
52,3,2,9,6,2
53,3,3,6,7,2
69,9,3,10,13,3
102,6,4,7,7,3
16,0,0,0,0,1
14,0,0,0,3,1
7,1,1,1,2,1
90,5,3,12,6,3
25,1,0,3,3,1
53,3,3,8,7,2
8,0,1,0,3,1
62,10,3,10,13,3
58,4,3,6,5,2
3,0,0,0,2,1
7,0,0,4,1,1
23,0,0,0,4,1
56,1,2,7,8,2
1,0,1,4,4,1
13,1,0,3,2,1
67,8,5,11,12,3
38,3,3,9,8,2
96,6,3,7,8,3
66,7,2,10,6,3
13,1,0,1,4,1
22,1,0,4,1,1
103,3,6,14,8,3
108,4,8,19,12,3
29,2,2,10,8,2
57,10,7,17,10,3
12,1,0,4,1,1
94,4,4,14,7,3
25,0,1,1,0,1
51,7,7,20,13,3
63,6,6,18,5,3
44,1,2,10,6,2
5,1,1,2,4,1
15,1,1,3,3,1
11,1,0,3,0,1
17,2,3,5,7,2
13,1,0,4,0,1
111,7,3,9,10,3
24,0,0,1,1,1
90,5,4,8,6,3
3,1,1,0,3,1
51,1,1,7,2,2
47,4,3,20,7,3
60,3,2,10,4,2
60,4,4,19,11,3
4,1,0,3,2,1
34,4,3,4,2,2
69,9,7,18,11,3
118,7,6,16,14,3
24,2,3,7,3,2
101,6,8,18,8,3
38,1,1,3,4,2
59,10,5,9,7,3
84,10,6,9,12,3
8,0,1,3,0,1
7,1,1,3,4,1
21,1,1,3,3,1
6,1,1,4,3,1
1,1,0,0,1,1
75,9,3,19,14,3
59,6,2,7,7,3
7,0,1,0,4,1
22,1,0,2,2,1
80,5,5,11,10,3
83,9,7,16,14,3
30,1,1,5,3,2
18,0,0,4,4,1
4,0,1,1,4,1
78,6,4,7,15,3
54,4,3,10,2,2
29,4,2,5,3,2
18,0,1,4,3,1
21,0,0,0,2,1
99,7,8,20,14,3
29,2,1,9,4,2
11,0,0,0,2,1
89,4,4,10,14,3
11,1,0,2,4,1
37,1,2,5,3,2
19,0,0,2,1,1
2,1,0,4,1,1
56,7,2,12,13,3
48,3,2,5,4,2
53,1,1,10,5,2
10,0,0,0,0,1
108,3,7,14,12,3
72,3,7,8,14,3
53,2,3,9,5,2
58,3,3,3,2,2
89,8,8,13,7,3
76,5,3,7,6,3
19,1,3,3,8,2
17,0,0,0,3,1
21,2,3,9,7,2
1,1,1,0,0,1
33,3,2,7,5,2
4,1,1,4,3,1
28,4,3,10,8,2
19,4,1,9,8,2
7,1,1,1,3,1
12,0,0,0,0,1
79,8,5,13,7,3
56,1,2,5,6,2
18,1,0,3,4,1
49,3,1,10,4,2
13,0,1,2,0,1
38,1,1,10,4,2
7,1,1,1,3,1
71,5,8,20,9,3
41,4,3,8,8,2
99,10,5,9,10,3
21,1,0,2,4,1
17,1,0,3,3,1
46,5,5,20,15,3
17,0,0,1,4,1
92,8,2,7,14,3
10,0,1,0,4,1
76,5,2,9,8,3
19,3,3,4,4,2
49,4,3,6,6,2
49,2,2,8,3,2
19,1,0,1,4,1
4,0,1,4,3,1
15,0,0,2,2,1
5,0,0,1,3,1
65,6,2,9,12,3
40,3,7,13,9,3
85,8,8,14,12,3
17,0,1,3,3,1
51,2,1,10,2,2
72,8,5,14,11,3
114,8,4,20,9,3
50,9,6,11,12,3
77,3,4,14,6,3
119,6,2,9,7,3
50,3,3,15,9,3
45,3,5,18,13,3
21,1,2,8,4,2
109,5,6,16,12,3
36,2,1,9,5,2
20,0,1,3,3,1
20,2,3,5,7,2
20,2,2,10,6,2
56,4,8,19,9,3
59,4,2,18,5,3
42,9,6,17,13,3
48,2,3,9,4,2
56,3,6,19,11,3
10,0,1,2,2,1
100,8,5,12,9,3
42,3,1,6,4,2
72,3,5,8,7,3
58,4,3,9,4,2
19,0,0,2,3,1
22,3,3,8,6,2
51,1,3,7,2,2
90,6,6,16,13,3
106,5,4,7,9,3
6,1,1,1,2,1
51,3,3,4,3,2
36,1,2,10,5,2
41,9,7,20,8,3
50,9,6,13,7,3
21,2,2,3,5,2
18,0,0,1,0,1
78,3,8,13,9,3
37,2,1,8,4,2
19,1,0,3,2,1
13,1,1,1,2,1
16,0,1,2,2,1
115,5,6,7,11,3
37,1,3,5,5,2
44,5,5,9,15,3
102,4,2,10,12,3
41,7,5,10,15,3
17,1,1,1,1,1
78,10,7,19,13,3
107,5,5,19,7,3
70,6,6,9,12,3
40,7,2,14,12,3
46,1,1,3,3,2
4,1,1,2,4,1
36,1,2,5,5,2
10,1,1,3,1,1
118,3,8,9,8,3
0,0,1,2,2,1
46,7,8,19,6,3
41,1,2,5,7,2
69,3,7,19,15,3
6,1,1,4,0,1
98,9,7,20,13,3
34,3,2,9,8,2
56,2,3,8,5,2
22,4,3,7,5,2
82,8,2,9,9,3
114,6,3,11,9,3
53,2,2,4,6,2
20,1,0,4,3,1
21,2,2,3,5,2
43,9,5,19,7,3
111,7,6,18,12,3
24,0,1,3,4,1
12,1,1,1,0,1
63,5,8,18,15,3
62,10,2,18,13,3
26,3,1,3,3,2
6,0,1,0,2,1
10,1,0,1,0,1
81,8,5,20,6,3
23,1,0,1,4,1
59,1,3,7,3,2
72,3,5,18,12,3
35,2,1,6,4,2
48,2,3,3,5,2
26,3,2,5,6,2
20,0,1,3,1,1
89,10,3,18,5,3
54,1,3,3,7,2
51,5,3,15,12,3
40,1,3,3,5,2
18,2,1,9,6,2
42,4,2,9,5,2
91,5,8,20,10,3
16,0,1,4,1,1
84,9,2,15,8,3
7,1,0,4,2,1
16,0,1,2,2,1
56,7,3,19,9,3
17,4,2,7,3,2
104,8,7,18,9,3
39,3,3,4,5,2
32,4,1,4,3,2
44,8,3,17,5,3
23,0,0,2,2,1
9,1,1,4,4,1
23,1,1,4,3,2
39,4,2,10,5,2
24,0,1,4,3,1
42,3,2,7,5,2
89,9,3,11,6,3
66,6,3,15,13,3
119,8,8,17,5,3
48,1,3,3,5,2
25,1,1,0,3,1
58,1,2,10,7,2
14,1,0,4,4,1
114,6,8,9,9,3
7,0,0,4,0,1
47,4,3,3,8,2
4,0,1,2,3,1
72,8,2,13,6,3
17,1,3,9,6,2
58,1,3,6,3,2
29,4,1,3,7,2
19,2,2,10,5,2
19,2,2,4,7,2
16,1,1,3,3,1
34,3,1,5,7,2
56,4,2,8,3,2
94,8,4,10,10,3
99,5,5,11,14,3
79,8,3,17,5,3
56,1,1,8,5,2
21,1,0,0,2,1
30,3,3,8,6,2
25,0,0,4,0,1
54,3,6,15,13,3
10,0,0,2,3,1
51,9,6,10,6,3
81,8,5,19,15,3
45,1,3,4,2,2
42,5,7,10,15,3
39,1,1,6,7,2
59,5,8,9,7,3
82,9,6,12,15,3
67,10,3,13,10,3
1,1,0,2,2,1
46,7,8,20,6,3
47,4,6,18,15,3
62,9,5,9,15,3
51,2,3,10,4,2
23,2,3,3,6,2
17,0,1,2,3,1
73,10,6,18,7,3
112,5,4,8,13,3
17,1,1,0,1,1
72,10,5,16,12,3
40,3,3,6,5,2
55,1,3,5,2,2
101,5,3,12,12,3
17,4,3,6,5,2
56,3,5,17,5,3
22,2,2,4,6,2
17,1,0,0,0,1
72,7,5,17,6,3
111,3,7,18,11,3
56,1,1,10,3,2
28,4,3,10,3,2
18,0,0,4,3,1
118,4,7,20,9,3
60,4,2,8,12,3
11,1,1,1,4,1
39,2,1,3,3,2
3,1,0,2,2,1
11,1,1,4,1,1
1,1,0,0,4,1
118,4,3,14,15,3
86,4,2,11,15,3
9,0,0,2,3,1
49,3,3,5,4,2
12,0,0,0,3,1
55,1,3,8,5,2
41,4,1,4,4,2
7,0,0,0,3,1
44,6,2,14,8,3
57,2,1,7,4,2
98,7,8,13,15,3
0,0,1,2,2,1
40,1,3,7,4,2
2,1,1,3,0,1
50,4,1,3,2,2
24,3,2,6,8,2
48,9,7,19,8,3
17,2,2,6,2,2
10,0,1,4,2,1
3,0,1,4,3,1
85,7,3,12,7,3
18,1,2,6,3,2
6,1,1,2,1,1
16,1,0,3,0,1
24,0,0,3,3,1
55,3,1,7,7,2
25,1,3,4,4,2
57,2,3,9,8,2
8,0,0,3,2,1
22,1,1,4,4,1
25,3,1,9,6,2
49,6,6,8,6,3
15,2,1,10,4,2
19,1,0,3,4,1
109,7,5,15,12,3
25,1,1,2,4,1
98,10,4,18,14,3
57,1,3,6,5,2
21,1,1,3,2,2
42,8,7,12,10,3
101,3,3,17,13,3
9,0,0,1,0,1
43,3,2,4,3,2
14,0,0,3,1,1
29,3,3,6,8,2
46,1,2,10,2,2
120,9,6,17,15,3
85,4,7,19,12,3
69,8,4,17,9,3
20,1,0,0,0,1
11,1,1,2,2,1
15,1,2,10,7,2
13,0,1,0,2,1
19,1,1,4,4,1
20,3,3,5,2,2
8,0,0,4,1,1
51,2,2,5,4,2
23,2,1,8,8,2
47,6,8,11,12,3
38,1,1,6,7,2
82,8,5,14,5,3
12,0,0,4,1,1
50,4,4,16,7,3
19,0,0,0,2,1
17,0,0,2,0,1
50,2,1,10,2,2
12,0,1,1,1,1
43,4,2,4,4,2
24,1,1,3,4,1
51,2,3,6,4,2
58,3,3,3,3,2
67,4,7,8,6,3
1,0,1,4,4,1
33,4,1,5,5,2
86,3,2,13,10,3
35,3,3,10,8,2
24,3,1,3,3,2
9,0,0,0,4,1
55,6,8,16,11,3
82,6,7,19,15,3
52,1,3,5,4,2
2,1,1,2,3,1
58,3,2,10,5,2
52,10,4,17,15,3
77,6,3,15,5,3
99,5,4,19,10,3
31,3,1,10,8,2
28,2,2,10,2,2
18,1,0,3,0,1
76,5,5,18,14,3
108,5,8,11,10,3
8,0,0,2,1,1
114,10,2,13,7,3
15,2,3,3,3,2
9,1,0,1,2,1
60,4,2,5,2,2
118,3,6,8,12,3
3,0,1,3,0,1
6,0,1,4,2,1
9,0,1,2,4,1
63,5,5,13,10,3
22,1,1,1,2,1
35,1,1,5,8,2
80,7,3,18,9,3
51,3,5,17,9,3
104,9,7,9,5,3
12,1,0,2,2,1
22,1,1,3,4,1
8,1,0,1,0,1
53,9,2,8,11,3
109,6,3,17,15,3
63,8,6,7,15,3
84,6,6,16,15,3
95,8,6,10,14,3
45,1,1,4,2,2
40,2,2,6,7,2
30,1,3,9,7,2
18,4,3,9,6,2
50,4,3,8,7,2
14,0,1,3,2,1
40,3,1,6,6,2
85,9,6,17,9,3
25,0,1,3,0,1
66,9,6,8,10,3
96,4,5,10,14,3
22,2,2,4,3,2
47,1,1,5,8,2
105,10,5,13,11,3
47,7,8,13,6,3
50,3,3,10,7,2
23,0,0,0,1,1
106,10,5,10,7,3
80,8,3,16,9,3
3,1,1,3,3,1
54,2,2,9,5,2
87,5,5,10,14,3
72,4,3,9,11,3
30,4,2,5,6,2
0,0,0,0,3,1
5,0,1,4,0,1
7,1,0,0,1,1
56,4,3,10,2,2
91,9,5,15,8,3
42,4,3,8,3,2
55,8,4,17,9,3
55,4,2,3,7,2
11,0,0,2,0,1
24,1,0,4,1,1
53,8,6,17,6,3
28,3,2,10,5,2
3,1,1,3,2,1
15,1,0,4,0,1
18,1,0,3,2,1
49,1,3,3,7,2
98,8,3,7,13,3
34,4,2,8,4,2
21,1,1,0,3,1
24,4,2,4,5,2
56,1,3,4,2,2
19,3,3,8,2,2
56,4,3,3,8,2
21,3,2,4,2,2
10,0,1,1,2,1
99,8,6,8,12,3
50,10,6,7,13,3
15,1,1,0,3,1
28,2,3,9,2,2
11,1,0,3,4,1
4,1,0,1,3,1
25,0,1,4,1,1
39,1,1,5,5,2
86,7,3,15,9,3
35,4,3,8,4,2
42,6,8,15,15,3
47,1,2,8,6,2
92,4,5,10,10,3
40,1,2,8,8,2
26,1,1,5,3,2
113,6,8,8,9,3
6,0,0,4,1,1
94,7,2,8,10,3
8,0,0,0,3,1
16,1,0,1,4,1
8,0,0,3,2,1
27,4,1,4,3,2
59,1,2,10,3,2
120,3,4,13,15,3
7,0,0,2,0,1
40,3,2,10,6,2
25,0,1,1,1,1
8,1,0,0,2,1
47,3,3,8,5,2
53,4,1,10,6,2
60,2,3,8,6,2
82,4,8,19,7,3
70,6,6,12,15,3
35,4,3,3,8,2
61,7,2,18,7,3
35,2,3,3,7,2
48,6,2,13,12,3
3,0,1,1,1,1
9,0,0,2,4,1
2,1,0,1,1,1
9,1,0,2,4,1
96,3,4,10,6,3
21,4,1,7,7,2
107,3,7,8,9,3
22,0,1,3,2,1
57,3,1,3,6,2
28,2,1,8,6,2
25,3,1,8,5,2
81,10,6,17,13,3
120,3,3,11,12,3
57,10,6,10,12,3
17,0,1,2,2,1
15,4,3,3,3,2
59,3,2,5,2,2
23,3,2,6,8,2
116,6,8,7,13,3
3,0,1,2,4,1
6,0,1,4,3,1
26,4,3,5,6,2
37,4,3,5,8,2
8,0,1,2,4,1
59,3,7,18,11,3
37,4,2,6,5,2
19,3,2,6,7,2
31,1,2,3,5,2
15,4,1,6,6,2
13,1,1,3,4,1
62,5,7,14,10,3
90,3,6,13,13,3
39,1,3,3,7,2
38,4,1,6,3,2
62,7,8,18,8,3
56,1,1,10,5,2
70,7,5,16,10,3
45,9,2,10,15,3
109,10,3,10,9,3
21,1,1,4,3,1
41,2,2,10,5,2
0,0,1,4,3,1
48,1,3,5,5,2
18,1,0,0,0,1
8,0,0,2,0,1
20,1,1,0,2,1
81,4,2,17,11,3
37,3,2,4,3,2
109,5,5,12,11,3
12,1,1,2,0,1
46,3,7,15,10,3
23,1,0,4,0,1
57,8,3,15,6,3
45,10,4,16,10,3
32,3,2,7,7,2
20,3,1,6,8,2
59,4,2,6,2,2
21,4,1,6,8,2
54,4,1,4,2,2
56,2,3,10,8,2
23,0,1,3,2,1
21,0,1,2,0,1
13,0,1,1,4,1
55,3,3,9,6,2
8,1,0,0,3,1
20,0,1,3,0,1
12,1,0,3,3,1
15,0,0,4,0,1
38,1,2,6,2,2
9,1,1,3,2,1
10,0,1,2,2,1
18,4,3,10,6,2
56,1,1,9,5,2
22,0,0,2,4,1
90,5,7,14,6,3
19,3,2,4,7,2
23,1,0,1,1,1
47,7,6,18,15,3
52,4,1,7,8,2
52,2,2,3,6,2
47,8,7,9,13,3
107,7,8,12,7,3
60,2,1,10,4,2
39,2,1,7,4,2
85,10,7,17,11,3
46,3,3,3,8,2
9,1,1,4,3,1
53,5,3,7,14,3
54,3,4,7,15,3
51,9,8,15,12,3
38,4,2,7,6,2
14,1,0,0,3,1
56,4,1,7,7,2
21,1,0,4,4,1
48,4,3,8,5,2
53,2,1,10,2,2
12,1,1,1,1,1
4,1,0,4,4,1
51,3,2,7,3,2
1,0,1,2,2,1
21,4,1,4,4,2
17,3,2,10,7,2
47,4,1,3,3,2
16,1,1,3,0,1
119,5,7,15,9,3
13,1,1,3,0,1
25,1,0,0,0,1
68,6,5,13,14,3
23,0,1,0,0,1
21,1,1,4,5,2
9,1,1,1,1,1
49,2,3,3,7,2
87,3,8,16,9,3
88,3,4,15,5,3
81,8,4,15,15,3
19,2,1,10,7,2
6,1,0,2,3,1
14,0,1,4,4,1
85,5,3,11,10,3
14,1,1,1,1,1
71,9,5,19,5,3
8,0,1,4,3,1
59,2,2,8,3,2
114,3,8,9,15,3
13,1,0,3,1,1
9,1,1,0,1,1
7,0,1,3,0,1
4,1,0,4,1,1
1,0,1,2,1,1
34,1,2,3,6,2
13,1,0,0,3,1
7,0,0,0,0,1
59,2,1,10,4,2
45,1,2,9,5,2
23,2,2,8,5,2
52,4,3,6,2,2
7,0,1,1,3,1
1,1,1,1,2,1
9,1,0,2,1,1
108,3,5,14,13,3
48,3,8,9,7,3
100,7,3,15,11,3
1,0,1,3,4,1
98,8,5,19,11,3
97,3,3,14,14,3
50,4,1,3,4,2
12,0,1,4,4,1
19,1,1,0,2,1
107,6,7,10,14,3
11,0,0,1,4,1
25,1,0,2,0,1
19,0,1,4,4,1
118,10,7,12,12,3
43,4,2,9,2,2
1,1,1,3,0,1
88,3,2,19,8,3
94,6,6,19,14,3
22,1,0,0,0,1
6,1,1,3,3,1
48,1,2,6,5,2
4,1,0,2,4,1
67,4,3,17,11,3
19,0,0,1,3,1
9,0,1,2,1,1
22,1,1,8,5,2
51,1,2,5,4,2
57,1,2,9,5,2
55,7,4,15,11,3
38,3,1,10,6,2
93,8,4,20,11,3
13,0,0,2,3,1
5,1,0,0,4,1
17,3,2,8,5,2
2,1,1,4,3,1
21,1,0,3,2,1
58,3,3,4,4,2
58,3,3,3,3,2
38,1,1,9,7,2
53,9,3,9,15,3
3,1,1,3,4,1
38,4,3,9,7,2
46,3,3,7,3,2
119,8,8,16,8,3
17,3,3,6,4,2
106,6,5,10,14,3
19,1,0,0,0,1
78,10,5,16,11,3
36,3,3,5,6,2
58,8,4,14,7,3
13,1,0,3,3,1
21,4,1,4,8,2
43,10,5,19,7,3
58,4,1,8,3,2
47,2,2,5,3,2
57,2,1,7,6,2
16,1,0,2,0,1
21,1,0,3,0,1
58,1,2,5,7,2
89,6,4,18,11,3
8,0,0,3,0,1
25,1,1,1,2,1
12,0,1,4,2,1
42,3,4,7,10,3
2,0,1,0,3,1
45,5,4,16,15,3
21,0,0,3,1,1
71,6,2,11,11,3
15,1,0,0,2,1
67,10,8,14,9,3
85,5,8,8,6,3
3,1,0,4,2,1
4,1,1,3,4,1
32,2,2,7,3,2
52,2,1,8,2,2
13,1,1,3,3,1
60,4,1,5,8,2
3,1,0,3,0,1
69,4,3,7,12,3
43,8,5,13,9,3
44,2,2,3,5,2
118,8,6,14,5,3
44,3,2,10,8,2
1,1,1,1,1,1
37,4,1,10,8,2
58,9,3,16,15,3
25,0,0,2,1,1
15,4,1,3,6,2
110,4,4,14,15,3
38,4,2,5,5,2
97,3,5,9,15,3
41,3,3,7,4,2
36,4,2,10,4,2
21,0,0,2,3,1
71,8,5,16,8,3
32,1,2,8,8,2
27,3,3,4,7,2
81,10,8,18,12,3
58,3,1,5,2,2
47,2,2,9,2,2
109,5,6,11,6,3
2,1,0,2,2,1
48,3,3,4,2,2
20,1,3,5,7,2
97,4,3,13,9,3
21,1,0,1,0,1
47,3,3,7,4,2
57,4,1,4,2,2
22,1,0,1,0,1
74,9,4,14,10,3
75,5,2,7,12,3
86,10,2,19,15,3
2,0,0,0,3,1
79,10,5,7,10,3
22,1,1,3,4,1
41,3,6,19,12,3
37,2,2,5,3,2
2,0,1,3,4,1
39,2,3,9,4,2
53,5,8,9,13,3
40,7,3,13,13,3
64,10,8,15,7,3
86,6,5,19,15,3
23,1,1,4,1,1
39,1,2,9,5,2
96,7,3,19,8,3
11,0,1,0,2,1
75,10,3,16,7,3
18,1,1,0,1,1
53,7,2,16,9,3
44,9,6,13,12,3
5,0,1,2,4,1
12,0,1,1,1,1
7,0,0,2,0,1
46,3,1,5,8,2
22,4,2,7,2,2
45,1,3,5,5,2
43,3,1,4,3,2
84,9,5,20,6,3
15,1,2,6,6,2
49,1,3,4,3,2
3,1,1,3,1,1
53,5,5,10,10,3
41,1,3,7,6,2
16,1,1,3,0,1
25,1,0,0,1,1
58,1,3,3,2,2
41,4,5,17,9,3
27,3,2,7,8,2
59,5,3,8,5,3
9,1,0,2,2,1
14,1,1,3,1,1
20,0,0,2,1,1
14,0,0,4,2,1
60,2,1,5,4,2
25,1,3,10,3,2
102,4,2,7,7,3
1,0,1,4,3,1
66,8,3,10,9,3
3,0,0,4,0,1
59,4,1,5,4,2
94,5,5,15,11,3
91,4,2,9,10,3
43,4,2,16,15,3
13,1,1,0,0,1
15,0,0,4,0,1
7,0,1,0,4,1
45,7,3,7,9,3
37,1,3,8,8,2
50,2,3,10,4,2
34,3,1,5,7,2
16,1,1,2,3,1
52,10,5,10,6,3
21,1,1,0,1,1
50,2,1,6,6,2
98,8,7,7,5,3
60,3,1,5,6,2
10,1,0,3,1,1
19,0,0,1,2,1
8,0,0,2,1,1
55,2,2,3,2,2
11,1,1,0,4,1
10,1,0,0,3,1
108,5,3,19,5,3
11,0,1,0,3,1
111,4,6,18,8,3
64,5,6,12,10,3
0,0,1,2,0,1
75,3,5,13,10,3
56,2,2,7,4,2
6,1,1,1,0,1
14,0,1,1,1,1
53,8,5,8,15,3
2,0,1,3,0,1
10,1,1,4,2,1
14,1,1,0,1,1
20,1,0,1,2,1
51,2,3,9,7,2
15,1,1,4,4,1
42,5,7,14,15,3
80,3,2,15,15,3
52,3,1,10,6,2
41,7,8,14,11,3
9,1,0,3,2,1
7,0,1,1,0,1
39,2,1,3,6,2
7,0,1,4,0,1
59,1,3,8,2,2
117,9,7,12,11,3
106,10,7,20,13,3
26,3,3,4,6,2
13,0,0,1,0,1
17,1,3,8,2,2
17,0,1,1,0,1
40,4,2,14,15,3
44,4,3,4,6,2
55,2,3,7,4,2
33,3,2,4,6,2
45,4,1,9,8,2
13,0,1,0,3,1
30,1,1,9,6,2
6,1,1,0,1,1
8,0,0,1,1,1
20,1,0,3,3,1
53,9,4,14,15,3
23,1,0,1,1,1
105,5,5,15,11,3
51,3,2,9,3,2
25,0,0,2,4,1
17,0,1,1,3,1
39,2,2,6,7,2
10,0,0,1,1,1
7,0,0,0,0,1
15,2,1,7,8,2
53,4,1,4,4,2
77,5,2,18,14,3
68,7,6,9,15,3
12,0,0,1,4,1
19,0,0,1,0,1
27,3,2,5,7,2
15,2,3,5,8,2
19,1,1,4,0,1
54,7,6,20,14,3
90,5,2,18,11,3
15,1,0,0,3,1
43,1,3,6,7,2
96,5,3,16,10,3
2,1,1,0,4,1
40,1,2,9,5,2
46,2,1,10,4,2
118,10,3,10,15,3
19,0,1,4,2,1
15,4,1,7,8,2
19,2,2,8,3,2
101,8,2,16,12,3
3,0,1,0,4,1
11,1,0,2,4,1
21,0,0,2,4,1
55,4,2,8,2,2
15,0,0,1,4,1
12,0,1,2,2,1
12,1,0,1,4,1
27,2,3,7,3,2
15,1,1,2,2,1
6,1,0,3,3,1
62,7,5,8,14,3
97,4,7,15,6,3
24,1,0,0,2,1
72,5,6,11,9,3
51,4,3,7,8,2
32,2,2,7,4,2
19,0,0,4,1,1
82,8,7,14,12,3
24,0,0,2,3,1
60,6,3,7,11,3
53,2,2,9,4,2
81,4,7,15,11,3
53,4,5,16,14,3
6,0,1,2,2,1
16,1,0,1,1,1
37,1,2,3,8,2
102,5,8,15,5,3
87,10,7,19,5,3
17,4,1,10,8,2
46,3,1,9,3,2
10,1,0,2,2,1
43,4,2,3,5,2
13,1,0,4,3,1
44,3,1,4,3,2
38,1,2,7,4,2
83,4,3,16,7,3
53,4,3,3,5,2
5,1,0,1,0,1
54,1,2,4,8,2
28,4,1,5,6,2
25,0,1,1,2,1
10,0,1,4,2,1
98,3,2,18,5,3
45,2,1,9,6,2
20,4,3,8,8,2
65,9,3,8,12,3
21,1,1,0,2,1
37,4,1,3,2,2
40,3,4,16,5,3
69,4,3,18,11,3
15,4,1,9,3,2
13,0,0,0,1,1
21,0,1,0,1,1
11,0,0,2,3,1
3,1,0,2,1,1
17,2,3,7,5,2
46,9,4,11,12,3
71,5,2,9,15,3
26,3,2,10,3,2
30,3,2,3,6,2
24,1,0,4,3,1
53,1,3,7,5,2
120,7,3,15,9,3
21,1,1,1,3,1
19,0,0,1,2,1
68,4,8,10,11,3
58,5,5,19,5,3
60,4,1,7,3,2
108,3,7,20,9,3
27,2,1,6,2,2
80,7,6,19,15,3
32,4,3,4,8,2
114,4,5,19,8,3
32,4,2,6,4,2
2,0,0,1,1,1
16,0,0,1,4,1
62,4,4,19,5,3
11,0,1,1,0,1
20,0,1,2,2,1
24,1,0,2,1,1
21,0,1,2,1,1
36,1,1,4,2,2
69,6,3,17,5,3
71,8,8,14,15,3
120,4,5,18,10,3
9,1,0,2,2,1
53,4,6,11,10,3
69,4,5,11,10,3
16,3,3,6,2,2
39,4,3,7,7,2
17,1,0,3,0,1
48,10,2,12,12,3
58,10,4,18,6,3
46,3,2,9,5,2
25,4,2,5,3,2
27,4,3,7,3,2
82,8,5,18,14,3
12,0,1,2,3,1
24,3,2,8,5,2
41,4,1,8,8,2
59,4,2,3,2,2
51,4,2,5,8,2
42,9,4,18,7,3
108,7,5,16,10,3
39,1,3,6,4,2
21,1,0,3,1,1
17,3,2,10,4,2
74,9,3,20,6,3
15,1,1,10,3,2
14,0,0,2,3,1
29,1,2,4,5,2
31,2,1,3,8,2
25,0,0,3,0,1
21,1,0,1,0,1
38,1,3,3,3,2
15,3,1,6,7,2
59,2,1,3,4,2
36,1,2,3,7,2
6,1,0,3,1,1
90,5,7,16,14,3
59,2,1,6,6,2
60,3,3,8,7,2
50,3,2,5,8,2
54,7,2,13,14,3
22,1,0,3,4,1
106,3,7,18,6,3
117,5,6,8,11,3
6,0,1,1,0,1
103,6,7,15,9,3
118,5,6,15,8,3
15,1,0,0,2,1
85,9,5,16,8,3
90,6,3,18,15,3
54,3,3,4,4,2
49,7,6,7,10,3
12,1,1,4,0,1
41,8,7,19,6,3
6,0,0,1,0,1
23,0,0,1,3,1
44,2,3,7,6,2
15,0,1,0,1,1
118,9,8,9,5,3
21,1,2,5,5,2
44,1,1,5,8,2
110,5,2,15,7,3
7,0,1,3,1,1
58,3,2,4,3,2
60,4,1,8,3,2
24,1,1,0,3,1
21,1,1,6,8,2
14,1,1,3,4,1
20,1,0,2,1,1
19,1,1,6,7,2
22,1,1,2,3,1
30,2,1,8,5,2
31,2,2,9,4,2
114,5,6,7,15,3
5,1,1,4,2,1
25,2,1,9,8,2
55,4,3,6,5,2
53,4,1,9,4,2
50,9,4,10,8,3
10,0,0,2,0,1
102,7,2,12,8,3
58,1,2,4,4,2
16,1,1,0,3,1
0,1,1,3,3,1
60,1,3,6,5,2
44,4,3,10,2,2
23,1,3,9,4,2
43,2,1,8,2,2
60,1,3,4,8,2
45,3,7,12,9,3
25,1,1,2,0,1
19,0,0,2,0,1
22,2,3,3,8,2
20,3,3,9,4,2
84,10,5,15,13,3
19,0,0,2,3,1
91,8,7,9,13,3
40,3,3,3,3,2
99,3,4,12,7,3
118,6,7,11,8,3
28,4,2,8,8,2
10,0,1,4,0,1
3,1,0,4,1,1
23,1,0,4,0,1
59,10,6,11,11,3
67,3,7,10,9,3
47,8,2,9,5,3
49,3,2,5,8,2
108,7,4,14,13,3
1,1,1,4,2,1
18,0,0,1,4,1
97,5,3,17,7,3
7,1,0,1,0,1
40,5,4,11,12,3
44,2,2,7,8,2
44,1,2,6,4,2
86,4,6,18,11,3
63,6,5,18,8,3
114,3,6,15,11,3
25,2,1,7,3,2
113,5,4,20,8,3
18,1,1,3,2,1
52,3,2,4,5,2
2,0,0,3,4,1
9,1,0,3,0,1
16,1,0,4,3,1
120,10,7,17,5,3
15,0,1,4,1,1
2,1,0,4,4,1
42,1,3,9,3,2
73,8,4,15,13,3
3,0,1,4,0,1
116,4,4,14,5,3
48,6,5,8,6,3
42,4,2,3,5,2
47,7,8,11,7,3
24,3,2,4,4,2
51,7,5,18,12,3
90,7,8,20,9,3
80,5,4,15,8,3
103,10,5,19,7,3
44,3,4,9,6,3
18,2,1,6,4,2
14,1,1,4,3,1
52,1,3,7,5,2
111,3,2,10,13,3
43,4,1,7,5,2
97,7,3,15,9,3
23,2,3,8,7,2
29,3,2,9,5,2
22,0,1,0,0,1
112,5,2,18,7,3
55,1,3,5,2,2
71,5,6,18,13,3
54,7,8,7,8,3
21,1,1,4,4,1
32,2,3,7,3,2
95,5,2,9,15,3
109,6,5,19,13,3
9,0,0,4,4,1
7,1,0,2,0,1
11,1,1,1,1,1
60,10,8,16,14,3
13,0,0,4,3,1
56,6,3,17,9,3
118,7,4,13,15,3
19,1,0,3,4,1
69,8,5,12,13,3
78,7,2,17,12,3
46,3,8,13,13,3
3,0,0,4,4,1
9,1,1,0,0,1
51,3,1,8,6,2
49,10,2,16,14,3
42,1,3,4,2,2
66,9,4,12,14,3
37,2,3,5,5,2
1,1,1,4,3,1
113,6,3,8,9,3
9,1,0,4,4,1
8,1,0,1,2,1
9,0,1,4,4,1
59,4,3,6,2,2
69,10,4,11,5,3
45,5,4,8,6,3
53,4,3,9,6,2
50,4,3,4,4,2
14,1,1,2,2,1
46,5,5,13,12,3
45,6,3,17,10,3
15,1,1,4,2,1
19,0,0,0,3,1
60,3,3,7,6,2
98,5,8,16,6,3
51,3,3,6,5,2
20,1,0,1,4,1
0,1,0,1,0,1
68,6,8,12,5,3
65,10,2,11,10,3
46,3,3,3,2,2
24,0,1,3,3,1
19,1,2,9,6,2
27,1,3,3,6,2
15,0,0,4,4,1
18,3,1,3,4,2
3,0,1,3,1,1
24,1,1,2,1,1
72,9,5,19,15,3
1,0,1,4,2,1
2,1,0,4,0,1
63,9,5,14,7,3
12,1,1,4,0,1
22,1,1,3,8,2
4,1,0,0,3,1
64,4,6,8,14,3
83,9,4,8,15,3
52,7,2,18,14,3
20,1,1,1,3,1
95,9,7,12,11,3
46,4,2,4,5,2
8,0,0,0,2,1
30,1,2,4,5,2
7,0,0,4,0,1
24,1,1,0,2,1
52,2,1,4,3,2
115,8,5,10,15,3
31,3,1,3,7,2
78,9,7,12,6,3
120,10,6,12,9,3
103,9,8,13,8,3
5,1,1,4,2,1
93,4,8,17,14,3
72,4,4,11,13,3
57,4,3,7,2,2
117,5,5,17,15,3
110,8,8,7,6,3
110,10,5,12,8,3
11,0,1,4,2,1
44,3,1,10,8,2
38,4,3,4,4,2
55,7,3,9,9,3
39,4,1,4,2,2
56,1,1,7,8,2
15,3,2,5,5,2
95,9,6,19,10,3
76,9,6,20,10,3
119,8,7,7,13,3
92,3,4,12,13,3
44,4,2,16,9,3
20,2,2,6,7,2
38,2,3,7,7,2
98,3,5,8,9,3
48,2,2,8,5,2
23,1,1,3,8,2
38,2,3,9,5,2
111,8,8,14,8,3
43,8,5,17,13,3
89,6,5,15,6,3
30,1,1,7,3,2
53,4,2,14,13,3
42,2,2,8,6,2
59,9,4,16,10,3
25,2,1,5,2,2
59,8,5,16,5,3
23,0,1,1,2,1
14,0,1,1,0,1
70,6,8,11,8,3
21,2,3,6,6,2
80,3,3,16,15,3
59,1,1,8,8,2
25,4,1,9,2,2
19,2,1,4,5,2
70,9,8,13,8,3
10,0,1,2,2,1
7,0,1,4,2,1
50,2,3,8,7,2
26,2,3,5,2,2
19,1,1,4,0,1
18,2,1,7,7,2
81,7,3,19,6,3
86,3,2,19,9,3
101,3,6,12,11,3
54,1,2,5,2,2
32,1,3,8,4,2
24,2,1,8,6,2
17,3,1,8,4,2
58,1,3,7,8,2
7,1,0,3,3,1
43,3,1,5,6,2
4,0,1,4,2,1
32,3,1,9,8,2
92,7,3,11,5,3
115,10,5,9,7,3
57,1,2,4,3,2
26,1,1,7,6,2
2,1,1,2,4,1
13,0,1,4,4,1
120,5,8,9,15,3
16,0,1,3,1,1
83,4,6,9,12,3
20,0,1,2,3,1
2,1,0,4,2,1
7,1,0,0,4,1
17,1,1,4,3,1
1,1,1,4,3,1
22,2,1,8,8,2
100,3,6,13,9,3
74,5,7,14,5,3
48,1,2,4,5,2
81,10,3,14,14,3
41,4,2,13,6,3
53,4,2,3,7,2
17,1,0,4,2,1
22,0,0,4,1,1
65,7,2,14,15,3
107,5,2,7,15,3
8,1,1,1,1,1
4,1,0,4,1,1
14,0,0,3,2,1
35,3,3,9,6,2
21,1,1,0,4,1
60,2,3,10,7,2
87,6,5,15,11,3
22,3,3,10,6,2
13,0,0,4,2,1
15,3,1,6,7,2
25,1,0,2,4,1
71,7,2,13,15,3
52,5,3,18,5,3
14,0,1,1,4,1
100,7,8,16,15,3
40,1,1,6,7,2
2,0,1,3,3,1
29,3,1,3,7,2
22,1,0,2,4,1
9,0,0,1,1,1
56,2,3,9,3,2
2,1,1,4,2,1
16,3,3,5,6,2
102,4,5,19,15,3
29,4,3,5,3,2
45,5,2,19,15,3
69,6,8,10,14,3
103,7,5,9,13,3
75,5,8,13,7,3
116,5,4,19,6,3
14,0,1,0,0,1
19,1,0,4,1,1
18,2,3,6,8,2
40,4,2,10,2,2
103,5,8,10,13,3
91,3,7,17,6,3
22,1,0,1,3,1
82,7,4,19,6,3
29,2,3,4,8,2
26,2,2,9,5,2
68,7,4,10,5,3
29,2,3,6,4,2
6,0,0,2,1,1
5,1,1,1,2,1
4,1,0,1,1,1
55,3,3,9,5,2
10,0,1,2,2,1
118,7,4,13,7,3
8,0,1,0,4,1
41,2,1,5,7,2
7,1,1,4,3,1
22,1,2,9,4,2
88,4,8,7,10,3
20,1,3,4,4,2
61,9,3,16,6,3
17,1,1,8,7,2
118,6,8,17,6,3
17,4,1,5,6,2
29,4,2,8,5,2
7,1,0,3,1,1
45,2,3,3,8,2
57,2,2,3,8,2
46,4,3,8,6,2
63,5,4,8,15,3
21,0,1,2,2,1
17,1,1,7,6,2
51,2,1,10,3,2
19,1,1,4,4,1
11,0,0,4,3,1
75,10,6,8,13,3
11,0,0,0,3,1
80,10,8,16,13,3
15,1,0,1,3,1
49,2,2,9,4,2
98,3,3,15,13,3
9,1,0,0,1,1
25,4,1,5,6,2
57,10,7,10,15,3
20,0,0,0,3,1
44,1,2,6,4,2
63,9,6,7,14,3
3,1,0,4,0,1
39,3,3,9,5,2
81,4,2,15,15,3
43,6,5,13,6,3
8,0,1,0,4,1
110,10,5,11,14,3
9,1,0,3,3,1
113,7,4,8,5,3
7,0,1,2,1,1
24,1,1,3,2,1
120,4,5,18,10,3
65,10,7,19,6,3
47,8,6,18,11,3
112,5,2,20,12,3
43,1,1,6,2,2
107,3,4,13,9,3
52,3,6,17,11,3
